filename;fold;target;category
./DATASET/TRAINING/TOSSE/526e565-ec8c-435b-b965-3c23cfb43f44.wav;1;7;TOSSE
./DATASET/TRAINING/RUSSARE/1_22.wav;1;4;RUSSARE
./DATASET/TRAINING/RISATA/3-132747-A-26.wav;1;3;RISATA
./DATASET/TRAINING/DOLORE/S06_pain_strong_02.wav;1;0;DOLORE
./DATASET/TRAINING/DOLORE/S03_pain_strong_02.wav;1;0;DOLORE
./DATASET/TRAINING/STARNUTO/5-202220-A-21.wav;1;6;STARNUTO
./DATASET/TRAINING/TOSSE/5-211197-A-24.wav;1;7;TOSSE
./DATASET/TRAINING/RISATA/1-30043-A-26.wav;1;3;RISATA
./DATASET/TRAINING/RESPIRO/5-213293-A-23.wav;1;2;RESPIRO
./DATASET/TRAINING/PIANTO_BAMBINO/2-107351-B-20.wav;1;1;PIANTO_BAMBINO
./DATASET/TRAINING/URLA/220300_gabrielaupf_screaming-woman-horrorii.wav;1;8;URLA
./DATASET/TRAINING/DOLORE/S03_pain_peak_02.wav;1;0;DOLORE
./DATASET/TRAINING/RESPIRO/11898.wav;1;2;RESPIRO
./DATASET/TRAINING/RESPIRO/3-108160-A-23.wav;1;2;RESPIRO
./DATASET/TRAINING/STARNUTO/1-47274-A-21.wav;1;6;STARNUTO
./DATASET/TRAINING/DOLORE/S01_pain_low_01.wav;1;0;DOLORE
./DATASET/TRAINING/RUSSARE/1_38.wav;1;4;RUSSARE
./DATASET/TRAINING/URLA/179318_jorickhoofd_male-scream-12.wav;1;8;URLA
./DATASET/TRAINING/RISATA/2-79775-A-26.wav;1;3;RISATA
./DATASET/TRAINING/RISATA/2-79769-A-26.wav;1;3;RISATA
./DATASET/TRAINING/RISATA/3-110536-A-26.wav;1;3;RISATA
./DATASET/TRAINING/TOSSE/2-87794-A-24.wav;1;7;TOSSE
./DATASET/TRAINING/RISATA/1-30039-A-26.wav;1;3;RISATA
./DATASET/TRAINING/TOSSE/511d1df-13db-4b61-b6b1-04044b42a557.wav;1;7;TOSSE
./DATASET/TRAINING/TOSSE/1-19111-A-24.wav;1;7;TOSSE
./DATASET/TRAINING/URLA/400181_tomattka_girl-screaming-05.wav;1;8;URLA
./DATASET/TRAINING/TOSSE/2-87795-A-24.wav;1;7;TOSSE
./DATASET/TRAINING/DOLORE/S05_pain_peak_07.wav;1;0;DOLORE
./DATASET/TRAINING/DOLORE/S03_pain_peak_08.wav;1;0;DOLORE
./DATASET/TRAINING/TOSSE/5-204604-A-24.wav;1;7;TOSSE
./DATASET/TRAINING/RUSSARE/1_24.wav;1;4;RUSSARE
./DATASET/TRAINING/DOLORE/S05_pain_peak_05.wav;1;0;DOLORE
./DATASET/TRAINING/TOSSE/066c253-4847-4aa0-bed6-375e931a14c6.wav;1;7;TOSSE
./DATASET/TRAINING/RESPIRO/breathing-deep21.wav;1;2;RESPIRO
./DATASET/TRAINING/RESPIRO/1913.wav;1;2;RESPIRO
./DATASET/TRAINING/TOSSE/2-108017-A-24.wav;1;7;TOSSE
./DATASET/TRAINING/PIANTO_BAMBINO/2-66637-B-20.wav;1;1;PIANTO_BAMBINO
./DATASET/TRAINING/DOLORE/S02_pain_strong_021.wav;1;0;DOLORE
./DATASET/TRAINING/RUSSARE/1_31.wav;1;4;RUSSARE
./DATASET/TRAINING/DOLORE/S05_pain_moderate_01.wav;1;0;DOLORE
./DATASET/TRAINING/TOSSE/1-63679-A-24.wav;1;7;TOSSE
./DATASET/TRAINING/RUSSARE/1_20.wav;1;4;RUSSARE
./DATASET/TRAINING/RESPIRO/5-260164-A-23.wav;1;2;RESPIRO
./DATASET/TRAINING/RESPIRO/breathing-deep24.wav;1;2;RESPIRO
./DATASET/TRAINING/DOLORE/S02_pain_strong_05.wav;1;0;DOLORE
./DATASET/TRAINING/DOLORE/S01_pain_strong_02.wav;1;0;DOLORE
./DATASET/TRAINING/URLA/220301_gabrielaupf_screaming-woman-horroriii.wav;1;8;URLA
./DATASET/TRAINING/PIANTO_BAMBINO/2-151079-A-20.wav;1;1;PIANTO_BAMBINO
./DATASET/TRAINING/TOSSE/5-208761-A-24.wav;1;7;TOSSE
./DATASET/TRAINING/DOLORE/S07_pain_peak_09.wav;1;0;DOLORE
./DATASET/TRAINING/TOSSE/4-152995-A-24.wav;1;7;TOSSE
./DATASET/TRAINING/DOLORE/S04_pain_moderate_04.wav;1;0;DOLORE
./DATASET/TRAINING/RUSSARE/1_47.wav;1;4;RUSSARE
./DATASET/TRAINING/RISATA/1-36164-B-26.wav;1;3;RISATA
./DATASET/TRAINING/DOLORE/S04_pain_moderate_011.wav;1;0;DOLORE
./DATASET/TRAINING/RESPIRO/breathing-deep.wav;1;2;RESPIRO
./DATASET/TRAINING/PIANTO_BAMBINO/3-152007-B-20.wav;1;1;PIANTO_BAMBINO
./DATASET/TRAINING/URLA/235590_tcrocker68_girl-scream-short.wav;1;8;URLA
./DATASET/TRAINING/DOLORE/S05_pain_peak_04.wav;1;0;DOLORE
./DATASET/TRAINING/TOSSE/3-151213-A-24.wav;1;7;TOSSE
./DATASET/TRAINING/URLA/381942_iplanella_man-screaming-i.wav;1;8;URLA
./DATASET/TRAINING/RESPIRO/1-36397-A-23.wav;1;2;RESPIRO
./DATASET/TRAINING/SBADIGLIO/176675296.wav;1;5;SBADIGLIO
./DATASET/TRAINING/RUSSARE/1_15.wav;1;4;RUSSARE
./DATASET/TRAINING/RUSSARE/1_0.wav;1;4;RUSSARE
./DATASET/TRAINING/DOLORE/S01_pain_peak_03.wav;1;0;DOLORE
./DATASET/TRAINING/RISATA/5-244526-A-26.wav;1;3;RISATA
./DATASET/TRAINING/RISATA/4-132810-A-26.wav;1;3;RISATA
./DATASET/TRAINING/DOLORE/S04_pain_low_08.wav;1;0;DOLORE
./DATASET/TRAINING/DOLORE/S04_pain_strong_09.wav;1;0;DOLORE
./DATASET/TRAINING/SBADIGLIO/bagyawn.wav;1;5;SBADIGLIO
./DATASET/TRAINING/DOLORE/S05_pain_moderate_05.wav;1;0;DOLORE
./DATASET/TRAINING/RISATA/457.wav;1;3;RISATA
./DATASET/TRAINING/DOLORE/S06_pain_peak_06.wav;1;0;DOLORE
./DATASET/TRAINING/RISATA/1005.wav;1;3;RISATA
./DATASET/TRAINING/DOLORE/S02_pain_low_04.wav;1;0;DOLORE
./DATASET/TRAINING/RESPIRO/11899.wav;1;2;RESPIRO
./DATASET/TRAINING/PIANTO_BAMBINO/3-152007-C-20.wav;1;1;PIANTO_BAMBINO
./DATASET/TRAINING/RISATA/4-167571-A-26.wav;1;3;RISATA
./DATASET/TRAINING/RESPIRO/breathing-deep8.wav;1;2;RESPIRO
./DATASET/TRAINING/RUSSARE/1_49.wav;1;4;RUSSARE
./DATASET/TRAINING/DOLORE/S01_pain_peak_02.wav;1;0;DOLORE
./DATASET/TRAINING/RUSSARE/1_16.wav;1;4;RUSSARE
./DATASET/TRAINING/RUSSARE/1_51.wav;1;4;RUSSARE
./DATASET/TRAINING/RISATA/5-253534-A-26.wav;1;3;RISATA
./DATASET/TRAINING/RESPIRO/5-234335-A-23.wav;1;2;RESPIRO
./DATASET/TRAINING/RISATA/1-36164-A-26.wav;1;3;RISATA
./DATASET/TRAINING/URLA/mixkit-male-falling-scream-392.wav;1;8;URLA
./DATASET/TRAINING/DOLORE/S04_pain_peak_08.wav;1;0;DOLORE
./DATASET/TRAINING/URLA/219650_curly-hikari-94_scream-girl1.wav;1;8;URLA
./DATASET/TRAINING/RUSSARE/1_35.wav;1;4;RUSSARE
./DATASET/TRAINING/URLA/63639_vtownpunks_screaming-7.wav;1;8;URLA
./DATASET/TRAINING/TOSSE/2-87412-A-24.wav;1;7;TOSSE
./DATASET/TRAINING/TOSSE/1.wav;1;7;TOSSE
./DATASET/TRAINING/RUSSARE/1_13.wav;1;4;RUSSARE
./DATASET/TRAINING/DOLORE/S06_pain_strong_20.wav;1;0;DOLORE
./DATASET/TRAINING/URLA/Scream (49).wav;1;8;URLA
./DATASET/TRAINING/STARNUTO/3-150231-A-21.wav;1;6;STARNUTO
./DATASET/TRAINING/DOLORE/S05_pain_strong_05.wav;1;0;DOLORE
./DATASET/TRAINING/URLA/63634_vtownpunks_screaming-2.wav;1;8;URLA
./DATASET/TRAINING/DOLORE/S06_pain_strong_18.wav;1;0;DOLORE
./DATASET/TRAINING/RUSSARE/1_6.wav;1;4;RUSSARE
./DATASET/TRAINING/RESPIRO/3-166125-A-23.wav;1;2;RESPIRO
./DATASET/TRAINING/RUSSARE/1_43.wav;1;4;RUSSARE
./DATASET/TRAINING/TOSSE/005ef8a-7d26-441e-bf06-8849165038d0.wav;1;7;TOSSE
./DATASET/TRAINING/URLA/63633_vtownpunks_screaming-10.wav;1;8;URLA
./DATASET/TRAINING/URLA/9703_lithe-fider_fl-scream-1.wav;1;8;URLA
./DATASET/TRAINING/DOLORE/S07_pain_peak_02.wav;1;0;DOLORE
./DATASET/TRAINING/STARNUTO/4-167642-A-21.wav;1;6;STARNUTO
./DATASET/TRAINING/DOLORE/S05_pain_moderate_07.wav;1;0;DOLORE
./DATASET/TRAINING/RISATA/2-109759-B-26.wav;1;3;RISATA
./DATASET/TRAINING/TOSSE/4-177835-A-24.wav;1;7;TOSSE
./DATASET/TRAINING/URLA/Scream (55).wav;1;8;URLA
./DATASET/TRAINING/RESPIRO/2-98392-A-23.wav;1;2;RESPIRO
./DATASET/TRAINING/DOLORE/S06_pain_low_16.wav;1;0;DOLORE
./DATASET/TRAINING/TOSSE/014d1d3-4441-470f-832e-e73a140242c9.wav;1;7;TOSSE
./DATASET/TRAINING/TOSSE/1-58792-A-24.wav;1;7;TOSSE
./DATASET/TRAINING/SBADIGLIO/3030.wav;1;5;SBADIGLIO
./DATASET/TRAINING/RESPIRO/breathing-deep2.wav;1;2;RESPIRO
./DATASET/TRAINING/SBADIGLIO/106965952.wav;1;5;SBADIGLIO
./DATASET/TRAINING/DOLORE/S06_pain_low_07.wav;1;0;DOLORE
./DATASET/TRAINING/TOSSE/5-207681-A-24.wav;1;7;TOSSE
./DATASET/TRAINING/URLA/180311_jorickhoofd_sad-cry-4.wav;1;8;URLA
./DATASET/TRAINING/RUSSARE/1_32.wav;1;4;RUSSARE
./DATASET/TRAINING/RESPIRO/breathing-deep0.wav;1;2;RESPIRO
./DATASET/TRAINING/STARNUTO/5-221593-A-21.wav;1;6;STARNUTO
./DATASET/TRAINING/URLA/31818_malexmedia_malexmedia-man-scream.wav;1;8;URLA
./DATASET/TRAINING/DOLORE/S06_pain_moderate_11.wav;1;0;DOLORE
./DATASET/TRAINING/DOLORE/S06_pain_moderate_05.wav;1;0;DOLORE
./DATASET/TRAINING/RESPIRO/1-30709-B-23.wav;1;2;RESPIRO
./DATASET/TRAINING/STARNUTO/1-31748-A-21.wav;1;6;STARNUTO
./DATASET/TRAINING/RISATA/5-259514-A-26.wav;1;3;RISATA
./DATASET/TRAINING/URLA/219814_saraonsins_man-s-scream.wav;1;8;URLA
./DATASET/TRAINING/DOLORE/S03_pain_low_02.wav;1;0;DOLORE
./DATASET/TRAINING/DOLORE/S05_pain_low_14.wav;1;0;DOLORE
./DATASET/TRAINING/RUSSARE/1_68.wav;1;4;RUSSARE
./DATASET/TRAINING/TOSSE/080b72c-f243-4e5d-96e5-a9c12c0eaed0.wav;1;7;TOSSE
./DATASET/TRAINING/URLA/179331_jorickhoofd_very-distorted-male-scream.wav;1;8;URLA
./DATASET/TRAINING/PIANTO_BAMBINO/3-152007-D-20.wav;1;1;PIANTO_BAMBINO
./DATASET/TRAINING/RESPIRO/2-95567-A-23.wav;1;2;RESPIRO
./DATASET/TRAINING/RUSSARE/1_14.wav;1;4;RUSSARE
./DATASET/TRAINING/DOLORE/S02_pain_low_02.wav;1;0;DOLORE
./DATASET/TRAINING/DOLORE/S02_pain_low_03.wav;1;0;DOLORE
./DATASET/TRAINING/URLA/Scream (57).wav;1;8;URLA
./DATASET/TRAINING/STARNUTO/5-221518-A-21.wav;1;6;STARNUTO
./DATASET/TRAINING/RESPIRO/breathing-deep27.wav;1;2;RESPIRO
./DATASET/TRAINING/URLA/179324_jorickhoofd_male-scream-8.wav;1;8;URLA
./DATASET/TRAINING/URLA/179314_jorickhoofd_male-scream-1.wav;1;8;URLA
./DATASET/TRAINING/RUSSARE/1_28.wav;1;4;RUSSARE
./DATASET/TRAINING/RUSSARE/1_45.wav;1;4;RUSSARE
./DATASET/TRAINING/DOLORE/S04_pain_peak_04.wav;1;0;DOLORE
./DATASET/TRAINING/RISATA/3-152997-A-26.wav;1;3;RISATA
./DATASET/TRAINING/SBADIGLIO/3029.wav;1;5;SBADIGLIO
./DATASET/TRAINING/DOLORE/S05_pain_strong_031.wav;1;0;DOLORE
./DATASET/TRAINING/RISATA/5-171118-A-26.wav;1;3;RISATA
./DATASET/TRAINING/RISATA/2-60794-A-26.wav;1;3;RISATA
./DATASET/TRAINING/RESPIRO/4-207116-A-23.wav;1;2;RESPIRO
./DATASET/TRAINING/SBADIGLIO/209280369.wav;1;5;SBADIGLIO
./DATASET/TRAINING/RESPIRO/breathing-deep13.wav;1;2;RESPIRO
./DATASET/TRAINING/RESPIRO/4-210000-B-23.wav;1;2;RESPIRO
./DATASET/TRAINING/RESPIRO/4-198025-A-23.wav;1;2;RESPIRO
./DATASET/TRAINING/RISATA/453.wav;1;3;RISATA
./DATASET/TRAINING/STARNUTO/2-109505-A-21.wav;1;6;STARNUTO
./DATASET/TRAINING/PIANTO_BAMBINO/4-167077-A-20.wav;1;1;PIANTO_BAMBINO
./DATASET/TRAINING/RESPIRO/1469.wav;1;2;RESPIRO
./DATASET/TRAINING/DOLORE/S02_pain_moderate_02.wav;1;0;DOLORE
./DATASET/TRAINING/URLA/219878_pablocandel_boy-scream.wav;1;8;URLA
./DATASET/TRAINING/DOLORE/S03_pain_strong_081.wav;1;0;DOLORE
./DATASET/TRAINING/STARNUTO/5-220026-A-21.wav;1;6;STARNUTO
./DATASET/TRAINING/RUSSARE/1_12.wav;1;4;RUSSARE
./DATASET/TRAINING/RESPIRO/3-112557-A-23.wav;1;2;RESPIRO
./DATASET/TRAINING/URLA/Scream (51).wav;1;8;URLA
./DATASET/TRAINING/RESPIRO/3-166125-B-23.wav;1;2;RESPIRO
./DATASET/TRAINING/URLA/ES_Human Scream 4 - SFX Producer.wav;1;8;URLA
./DATASET/TRAINING/URLA/220290_gabrielaupf_screaming-male-pain.wav;1;8;URLA
./DATASET/TRAINING/RUSSARE/1_2.wav;1;4;RUSSARE
./DATASET/TRAINING/RUSSARE/1_65.wav;1;4;RUSSARE
./DATASET/TRAINING/TOSSE/5-209719-A-24.wav;1;7;TOSSE
./DATASET/TRAINING/URLA/180347_jorickhoofd_long-male-scream-1.wav;1;8;URLA
./DATASET/TRAINING/DOLORE/S04_pain_low_07.wav;1;0;DOLORE
./DATASET/TRAINING/RESPIRO/breathing-deep17.wav;1;2;RESPIRO
./DATASET/TRAINING/DOLORE/S01_pain_moderate_02.wav;1;0;DOLORE
./DATASET/TRAINING/SBADIGLIO/1739.wav;1;5;SBADIGLIO
./DATASET/TRAINING/RISATA/1747.wav;1;3;RISATA
./DATASET/TRAINING/RESPIRO/2-84965-A-23.wav;1;2;RESPIRO
./DATASET/TRAINING/URLA/Scream (53).wav;1;8;URLA
./DATASET/TRAINING/RUSSARE/1_18.wav;1;4;RUSSARE
./DATASET/TRAINING/SBADIGLIO/229987299.wav;1;5;SBADIGLIO
./DATASET/TRAINING/RUSSARE/1_36.wav;1;4;RUSSARE
./DATASET/TRAINING/TOSSE/077d00f-5e38-49f0-b88b-03988c8ec287.wav;1;7;TOSSE
./DATASET/TRAINING/URLA/396238_glazkov_smirnoff-scream.wav;1;8;URLA
./DATASET/TRAINING/PIANTO_BAMBINO/4-59579-B-20.wav;1;1;PIANTO_BAMBINO
./DATASET/TRAINING/DOLORE/S04_pain_peak_01.wav;1;0;DOLORE
./DATASET/TRAINING/PIANTO_BAMBINO/3-151081-A-20.wav;1;1;PIANTO_BAMBINO
./DATASET/TRAINING/TOSSE/4-157296-A-24.wav;1;7;TOSSE
./DATASET/TRAINING/PIANTO_BAMBINO/4-59579-A-20.wav;1;1;PIANTO_BAMBINO
./DATASET/TRAINING/RESPIRO/4-171706-A-23.wav;1;2;RESPIRO
./DATASET/TRAINING/PIANTO_BAMBINO/3-151080-A-20.wav;1;1;PIANTO_BAMBINO
./DATASET/TRAINING/SBADIGLIO/CAVEMNST.wav;1;5;SBADIGLIO
./DATASET/TRAINING/SBADIGLIO/209280371.wav;1;5;SBADIGLIO
./DATASET/TRAINING/STARNUTO/1-59324-A-21.wav;1;6;STARNUTO
./DATASET/TRAINING/TOSSE/2-87799-A-24.wav;1;7;TOSSE
./DATASET/TRAINING/RESPIRO/breathing-deep6.wav;1;2;RESPIRO
./DATASET/TRAINING/TOSSE/022b23d-d5b6-4673-9ff8-19cd00d4f515.wav;1;7;TOSSE
./DATASET/TRAINING/URLA/393917_lg_kid-scream-audioversum-innsbruck-01.wav;1;8;URLA
./DATASET/TRAINING/RESPIRO/5-233260-A-23.wav;1;2;RESPIRO
./DATASET/TRAINING/RESPIRO/1-36400-A-23.wav;1;2;RESPIRO
./DATASET/TRAINING/RESPIRO/breathing-deep15.wav;1;2;RESPIRO
./DATASET/TRAINING/URLA/Scream (58).wav;1;8;URLA
./DATASET/TRAINING/DOLORE/S07_pain_low_02.wav;1;0;DOLORE
./DATASET/TRAINING/URLA/407601_chenewessels-170017_scream.wav;1;8;URLA
./DATASET/TRAINING/RUSSARE/1_60.wav;1;4;RUSSARE
./DATASET/TRAINING/DOLORE/S03_pain_strong_10.wav;1;0;DOLORE
./DATASET/TRAINING/URLA/Scream (61).wav;1;8;URLA
./DATASET/TRAINING/DOLORE/S07_pain_moderate_04.wav;1;0;DOLORE
./DATASET/TRAINING/RESPIRO/1-30709-C-23.wav;1;2;RESPIRO
./DATASET/TRAINING/RESPIRO/breathing-deep19.wav;1;2;RESPIRO
./DATASET/TRAINING/RESPIRO/breathing-deep9.wav;1;2;RESPIRO
./DATASET/TRAINING/DOLORE/S05_pain_strong_17.wav;1;0;DOLORE
./DATASET/TRAINING/RUSSARE/1_40.wav;1;4;RUSSARE
./DATASET/TRAINING/TOSSE/4-155650-B-24.wav;1;7;TOSSE
./DATASET/TRAINING/STARNUTO/4-171519-A-21.wav;1;6;STARNUTO
./DATASET/TRAINING/PIANTO_BAMBINO/2-50665-A-20.wav;1;1;PIANTO_BAMBINO
./DATASET/TRAINING/URLA/235592_tcrocker68_girl-scream.wav;1;8;URLA
./DATASET/TRAINING/RESPIRO/1-18631-A-23.wav;1;2;RESPIRO
./DATASET/TRAINING/URLA/Scream (62).wav;1;8;URLA
./DATASET/TRAINING/DOLORE/S07_pain_strong_01.wav;1;0;DOLORE
./DATASET/TRAINING/RUSSARE/1_19.wav;1;4;RUSSARE
./DATASET/TRAINING/PIANTO_BAMBINO/2-80482-A-20.wav;1;1;PIANTO_BAMBINO
./DATASET/TRAINING/DOLORE/S06_pain_strong_01.wav;1;0;DOLORE
./DATASET/TRAINING/TOSSE/4-171396-A-24.wav;1;7;TOSSE
./DATASET/TRAINING/DOLORE/S05_pain_low_11.wav;1;0;DOLORE
./DATASET/TRAINING/RESPIRO/3-112557-B-23.wav;1;2;RESPIRO
./DATASET/TRAINING/RUSSARE/1_56.wav;1;4;RUSSARE
./DATASET/TRAINING/SBADIGLIO/176700632.wav;1;5;SBADIGLIO
./DATASET/TRAINING/PIANTO_BAMBINO/4-167077-B-20.wav;1;1;PIANTO_BAMBINO
./DATASET/TRAINING/TOSSE/1-53663-A-24.wav;1;7;TOSSE
./DATASET/TRAINING/RUSSARE/1_54.wav;1;4;RUSSARE
./DATASET/TRAINING/URLA/220648_ritola27_grito-mujer5.wav;1;8;URLA
./DATASET/TRAINING/RESPIRO/5-261464-A-23.wav;1;2;RESPIRO
./DATASET/TRAINING/PIANTO_BAMBINO/3-152007-A-20.wav;1;1;PIANTO_BAMBINO
./DATASET/TRAINING/SBADIGLIO/BOCEJO.wav;1;5;SBADIGLIO
./DATASET/TRAINING/RESPIRO/breathing-deep20.wav;1;2;RESPIRO
./DATASET/TRAINING/DOLORE/S05_pain_peak_06.wav;1;0;DOLORE
./DATASET/TRAINING/STARNUTO/4-185619-A-21.wav;1;6;STARNUTO
./DATASET/TRAINING/RESPIRO/1-36393-A-23.wav;1;2;RESPIRO
./DATASET/TRAINING/RUSSARE/1_52.wav;1;4;RUSSARE
./DATASET/TRAINING/RISATA/1-72695-A-26.wav;1;3;RISATA
./DATASET/TRAINING/STARNUTO/3-148330-A-21.wav;1;6;STARNUTO
./DATASET/TRAINING/STARNUTO/5-187979-A-21.wav;1;6;STARNUTO
./DATASET/TRAINING/STARNUTO/2-130978-A-21.wav;1;6;STARNUTO
./DATASET/TRAINING/RISATA/459.wav;1;3;RISATA
./DATASET/TRAINING/SBADIGLIO/175853481.wav;1;5;SBADIGLIO
./DATASET/TRAINING/URLA/221547_joseppujol_horror-scream-high-pitched-voice.wav;1;8;URLA
./DATASET/TRAINING/TOSSE/4-155650-A-24.wav;1;7;TOSSE
./DATASET/TRAINING/PIANTO_BAMBINO/1-211527-A-20.wav;1;1;PIANTO_BAMBINO
./DATASET/TRAINING/SBADIGLIO/3031.wav;1;5;SBADIGLIO
./DATASET/TRAINING/RISATA/2-62226-A-26.wav;1;3;RISATA
./DATASET/TRAINING/DOLORE/S01_pain_peak_04.wav;1;0;DOLORE
./DATASET/TRAINING/DOLORE/S04_pain_strong_01.wav;1;0;DOLORE
./DATASET/TRAINING/TOSSE/5-184871-A-24.wav;1;7;TOSSE
./DATASET/TRAINING/URLA/219719_mariateresa-garcia_man-screaming.wav;1;8;URLA
./DATASET/TRAINING/TOSSE/1-30830-A-24.wav;1;7;TOSSE
./DATASET/TRAINING/URLA/219654_annatabernero_young-male-scream.wav;1;8;URLA
./DATASET/TRAINING/RESPIRO/4-210000-A-23.wav;1;2;RESPIRO
./DATASET/TRAINING/URLA/mixkit-falling-male-scream-391.wav;1;8;URLA
./DATASET/TRAINING/RISATA/1746.wav;1;3;RISATA
./DATASET/TRAINING/RESPIRO/breathing-deep18.wav;1;2;RESPIRO
./DATASET/TRAINING/RISATA/3-152912-A-26.wav;1;3;RISATA
./DATASET/TRAINING/TOSSE/5-251489-A-24.wav;1;7;TOSSE
./DATASET/TRAINING/STARNUTO/1-29680-A-21.wav;1;6;STARNUTO
./DATASET/TRAINING/URLA/179323_jorickhoofd_male-scream-3.wav;1;8;URLA
./DATASET/TRAINING/PIANTO_BAMBINO/1-211527-C-20.wav;1;1;PIANTO_BAMBINO
./DATASET/TRAINING/DOLORE/S02_pain_peak_07.wav;1;0;DOLORE
./DATASET/TRAINING/TOSSE/512e4fa-684b-4d81-8dda-a38ffd0b67a9.wav;1;7;TOSSE
./DATASET/TRAINING/PIANTO_BAMBINO/2-107351-A-20.wav;1;1;PIANTO_BAMBINO
./DATASET/TRAINING/URLA/179325_jorickhoofd_male-scream-7.wav;1;8;URLA
./DATASET/TRAINING/RISATA/4-155670-A-26.wav;1;3;RISATA
./DATASET/TRAINING/DOLORE/S02_pain_moderate_05.wav;1;0;DOLORE
./DATASET/TRAINING/DOLORE/S05_pain_strong_02.wav;1;0;DOLORE
./DATASET/TRAINING/STARNUTO/5-220027-A-21.wav;1;6;STARNUTO
./DATASET/TRAINING/RUSSARE/1_69.wav;1;4;RUSSARE
./DATASET/TRAINING/RUSSARE/1_58.wav;1;4;RUSSARE
./DATASET/TRAINING/SBADIGLIO/229987296.wav;1;5;SBADIGLIO
./DATASET/TRAINING/DOLORE/S05_pain_low_10.wav;1;0;DOLORE
./DATASET/TRAINING/URLA/219863_acehell_crit-marc.wav;1;8;URLA
./DATASET/TRAINING/STARNUTO/4-156843-A-21.wav;1;6;STARNUTO
./DATASET/TRAINING/RUSSARE/1_11.wav;1;4;RUSSARE
./DATASET/TRAINING/DOLORE/S07_pain_moderate_01.wav;1;0;DOLORE
./DATASET/TRAINING/RUSSARE/1_30.wav;1;4;RUSSARE
./DATASET/TRAINING/DOLORE/S06_pain_moderate_03.wav;1;0;DOLORE
./DATASET/TRAINING/TOSSE/505ecdd-4c8a-4cdf-bcc8-eba88044e97b.wav;1;7;TOSSE
./DATASET/TRAINING/RUSSARE/1_46.wav;1;4;RUSSARE
./DATASET/TRAINING/TOSSE/487b5cb-fa6b-4234-9c50-88cb4e2693a2.wav;1;7;TOSSE
./DATASET/TRAINING/RISATA/3-119459-A-26.wav;1;3;RISATA
./DATASET/TRAINING/RESPIRO/2-54961-A-23.wav;1;2;RESPIRO
./DATASET/TRAINING/TOSSE/439ac1a-2886-4005-b2fc-e8e1bc85fe44.wav;1;7;TOSSE
./DATASET/TRAINING/RUSSARE/1_10.wav;1;4;RUSSARE
./DATASET/TRAINING/DOLORE/S05_pain_low_16.wav;1;0;DOLORE
./DATASET/TRAINING/SBADIGLIO/kultur0425.wav;1;5;SBADIGLIO
./DATASET/TRAINING/RESPIRO/3-144128-B-23.wav;1;2;RESPIRO
./DATASET/TRAINING/DOLORE/S01_pain_strong_04.wav;1;0;DOLORE
./DATASET/TRAINING/DOLORE/S01_pain_moderate_04.wav;1;0;DOLORE
./DATASET/TRAINING/SBADIGLIO/209280370.wav;1;5;SBADIGLIO
./DATASET/TRAINING/SBADIGLIO/mixkit-male-sleepy-yawning-2269.wav;1;5;SBADIGLIO
./DATASET/TRAINING/URLA/63636_vtownpunks_screaming-4.wav;1;8;URLA
./DATASET/TRAINING/RISATA/1984.wav;1;3;RISATA
./DATASET/TRAINING/RISATA/1-33658-A-26.wav;1;3;RISATA
./DATASET/TRAINING/DOLORE/S06_pain_peak_07.wav;1;0;DOLORE
./DATASET/TRAINING/DOLORE/S04_pain_moderate_03.wav;1;0;DOLORE
./DATASET/TRAINING/TOSSE/5-178997-A-24.wav;1;7;TOSSE
./DATASET/TRAINING/URLA/179316_jorickhoofd_male-scream-2.wav;1;8;URLA
./DATASET/TRAINING/STARNUTO/1-26143-A-21.wav;1;6;STARNUTO
./DATASET/TRAINING/STARNUTO/3-142605-A-21.wav;1;6;STARNUTO
./DATASET/TRAINING/URLA/391357_guamorims_scream-no-man.wav;1;8;URLA
./DATASET/TRAINING/URLA/360463_topschool_scream2.wav;1;8;URLA
./DATASET/TRAINING/RESPIRO/3-144128-A-23.wav;1;2;RESPIRO
./DATASET/TRAINING/RUSSARE/1_25.wav;1;4;RUSSARE
./DATASET/TRAINING/PIANTO_BAMBINO/1-22694-A-20.wav;1;1;PIANTO_BAMBINO
./DATASET/TRAINING/RISATA/5-263775-B-26.wav;1;3;RISATA
./DATASET/TRAINING/RISATA/3-107123-A-26.wav;1;3;RISATA
./DATASET/TRAINING/URLA/58795_syna-max_distorto-screamo.wav;1;8;URLA
./DATASET/TRAINING/STARNUTO/1-54505-A-21.wav;1;6;STARNUTO
./DATASET/TRAINING/STARNUTO/2-82538-A-21.wav;1;6;STARNUTO
./DATASET/TRAINING/PIANTO_BAMBINO/2-66637-A-20.wav;1;1;PIANTO_BAMBINO
./DATASET/TRAINING/RUSSARE/1_42.wav;1;4;RUSSARE
./DATASET/TRAINING/DOLORE/S03_pain_low_12.wav;1;0;DOLORE
./DATASET/TRAINING/DOLORE/S04_pain_strong_10.wav;1;0;DOLORE
./DATASET/TRAINING/RUSSARE/1_53.wav;1;4;RUSSARE
./DATASET/TRAINING/TOSSE/067c678-fe8b-4fc4-bc78-379ad8abf8d9.wav;1;7;TOSSE
./DATASET/TRAINING/STARNUTO/3-144692-A-21.wav;1;6;STARNUTO
./DATASET/TRAINING/PIANTO_BAMBINO/2-50666-A-20.wav;1;1;PIANTO_BAMBINO
./DATASET/TRAINING/TOSSE/496f63f-f352-4f48-84e7-4eabb8acf92c.wav;1;7;TOSSE
./DATASET/TRAINING/DOLORE/S02_pain_strong_04.wav;1;0;DOLORE
./DATASET/TRAINING/RESPIRO/breathing-deep12.wav;1;2;RESPIRO
./DATASET/TRAINING/RISATA/4-181599-A-26.wav;1;3;RISATA
./DATASET/TRAINING/SBADIGLIO/209280367.wav;1;5;SBADIGLIO
./DATASET/TRAINING/URLA/179334_jorickhoofd_male-yells-ooooh.wav;1;8;URLA
./DATASET/TRAINING/TOSSE/001e498-ce11-4700-b673-8f22a9e59f04.wav;1;7;TOSSE
./DATASET/TRAINING/URLA/222533_alberttrepat_male-screaming-out-loud.wav;1;8;URLA
./DATASET/TRAINING/RISATA/2-60795-A-26.wav;1;3;RISATA
./DATASET/TRAINING/DOLORE/S06_pain_peak_02.wav;1;0;DOLORE
./DATASET/TRAINING/SBADIGLIO/175953124.wav;1;5;SBADIGLIO
./DATASET/TRAINING/DOLORE/S01_pain_moderate_03.wav;1;0;DOLORE
./DATASET/TRAINING/STARNUTO/1-81883-A-21.wav;1;6;STARNUTO
./DATASET/TRAINING/RESPIRO/5-232816-A-23.wav;1;2;RESPIRO
./DATASET/TRAINING/RISATA/3-118487-A-26.wav;1;3;RISATA
./DATASET/TRAINING/RUSSARE/1_23.wav;1;4;RUSSARE
./DATASET/TRAINING/URLA/58804_syna-max_shocker.wav;1;8;URLA
./DATASET/TRAINING/TOSSE/3-146873-A-24.wav;1;7;TOSSE
./DATASET/TRAINING/DOLORE/S02_pain_peak_08.wav;1;0;DOLORE
./DATASET/TRAINING/DOLORE/S05_pain_moderate_02.wav;1;0;DOLORE
./DATASET/TRAINING/TOSSE/020ecae-668b-4efc-b5b7-5e00f125123f.wav;1;7;TOSSE
./DATASET/TRAINING/DOLORE/S03_pain_peak_07.wav;1;0;DOLORE
./DATASET/TRAINING/STARNUTO/5-194533-A-21.wav;1;6;STARNUTO
./DATASET/TRAINING/DOLORE/S02_pain_moderate_04.wav;1;0;DOLORE
./DATASET/TRAINING/DOLORE/S02_pain_peak_10.wav;1;0;DOLORE
./DATASET/TRAINING/SBADIGLIO/86128143.wav;1;5;SBADIGLIO
./DATASET/TRAINING/RISATA/1-1791-A-26.wav;1;3;RISATA
./DATASET/TRAINING/SBADIGLIO/348.wav;1;5;SBADIGLIO
./DATASET/TRAINING/TOSSE/1-52266-A-24.wav;1;7;TOSSE
./DATASET/TRAINING/DOLORE/S06_pain_strong_17.wav;1;0;DOLORE
./DATASET/TRAINING/TOSSE/3-149042-A-24.wav;1;7;TOSSE
./DATASET/TRAINING/STARNUTO/4-156844-A-21.wav;1;6;STARNUTO
./DATASET/TRAINING/DOLORE/S07_pain_low_04.wav;1;0;DOLORE
./DATASET/TRAINING/DOLORE/S06_pain_low_04.wav;1;0;DOLORE
./DATASET/TRAINING/TOSSE/3-142604-A-24.wav;1;7;TOSSE
./DATASET/TRAINING/RESPIRO/4-205526-B-23.wav;1;2;RESPIRO
./DATASET/TRAINING/STARNUTO/3-156558-A-21.wav;1;6;STARNUTO
./DATASET/TRAINING/DOLORE/S02_pain_moderate_07.wav;1;0;DOLORE
./DATASET/TRAINING/DOLORE/S05_pain_moderate_04.wav;1;0;DOLORE
./DATASET/TRAINING/RESPIRO/breathing-deep14.wav;1;2;RESPIRO
./DATASET/TRAINING/DOLORE/S07_pain_low_01.wav;1;0;DOLORE
./DATASET/TRAINING/RUSSARE/1_59.wav;1;4;RUSSARE
./DATASET/TRAINING/SBADIGLIO/176700618.wav;1;5;SBADIGLIO
./DATASET/TRAINING/URLA/Scream (54).wav;1;8;URLA
./DATASET/TRAINING/DOLORE/S02_pain_peak_09.wav;1;0;DOLORE
./DATASET/TRAINING/DOLORE/S04_pain_moderate_09.wav;1;0;DOLORE
./DATASET/TRAINING/RUSSARE/1_34.wav;1;4;RUSSARE
./DATASET/TRAINING/PIANTO_BAMBINO/1-187207-A-20.wav;1;1;PIANTO_BAMBINO
./DATASET/TRAINING/RESPIRO/2-50774-A-23.wav;1;2;RESPIRO
./DATASET/TRAINING/TOSSE/1-52323-A-24.wav;1;7;TOSSE
./DATASET/TRAINING/URLA/219646_alberttrepat_female-scared-scream.wav;1;8;URLA
./DATASET/TRAINING/SBADIGLIO/1740.wav;1;5;SBADIGLIO
./DATASET/TRAINING/TOSSE/2-85292-A-24.wav;1;7;TOSSE
./DATASET/TRAINING/URLA/male-loud-panic-screams-SBA-300055768-preview.wav;1;8;URLA
./DATASET/TRAINING/RISATA/1-73123-A-26.wav;1;3;RISATA
./DATASET/TRAINING/TOSSE/527be95-d7f1-4156-8e37-1587355661ca.wav;1;7;TOSSE
./DATASET/TRAINING/DOLORE/S03_pain_moderate_04.wav;1;0;DOLORE
./DATASET/TRAINING/RISATA/4-133674-A-26.wav;1;3;RISATA
./DATASET/TRAINING/RUSSARE/1_41.wav;1;4;RUSSARE
./DATASET/TRAINING/DOLORE/S06_pain_low_011.wav;1;0;DOLORE
./DATASET/TRAINING/RUSSARE/1_64.wav;1;4;RUSSARE
./DATASET/TRAINING/URLA/416541_tonsil5_male-scream-5.wav;1;8;URLA
./DATASET/TRAINING/URLA/Scream (52).wav;1;8;URLA
./DATASET/TRAINING/RESPIRO/breathing-deep11.wav;1;2;RESPIRO
./DATASET/TRAINING/TOSSE/3-125418-A-24.wav;1;7;TOSSE
./DATASET/TRAINING/RESPIRO/2-82455-A-23.wav;1;2;RESPIRO
./DATASET/TRAINING/RUSSARE/1_63.wav;1;4;RUSSARE
./DATASET/TRAINING/DOLORE/S03_pain_peak_062.wav;1;0;DOLORE
./DATASET/TRAINING/DOLORE/S01_pain_moderate_01.wav;1;0;DOLORE
./DATASET/TRAINING/DOLORE/S06_pain_peak_13.wav;1;0;DOLORE
./DATASET/TRAINING/RESPIRO/386.wav;1;2;RESPIRO
./DATASET/TRAINING/TOSSE/2-98676-A-24.wav;1;7;TOSSE
./DATASET/TRAINING/TOSSE/3-145487-A-24.wav;1;7;TOSSE
./DATASET/TRAINING/TOSSE/063e6ef-babd-4765-b029-bf92475dc9e3.wav;1;7;TOSSE
./DATASET/TRAINING/RUSSARE/1_4.wav;1;4;RUSSARE
./DATASET/TRAINING/DOLORE/S03_pain_moderate_02.wav;1;0;DOLORE
./DATASET/TRAINING/TOSSE/3-132601-A-24.wav;1;7;TOSSE
./DATASET/TRAINING/RISATA/5-242932-A-26.wav;1;3;RISATA
./DATASET/TRAINING/SBADIGLIO/177352902.wav;1;5;SBADIGLIO
./DATASET/TRAINING/RUSSARE/1_17.wav;1;4;RUSSARE
./DATASET/TRAINING/DOLORE/S04_pain_strong_08.wav;1;0;DOLORE
./DATASET/TRAINING/SBADIGLIO/175853660.wav;1;5;SBADIGLIO
./DATASET/TRAINING/DOLORE/S06_pain_moderate_04.wav;1;0;DOLORE
./DATASET/TRAINING/URLA/Scream (50).wav;1;8;URLA
./DATASET/TRAINING/RESPIRO/3-151206-A-23.wav;1;2;RESPIRO
./DATASET/TRAINING/URLA/Scream (60).wav;1;8;URLA
./DATASET/TRAINING/RUSSARE/1_62.wav;1;4;RUSSARE
./DATASET/TRAINING/STARNUTO/1-47273-A-21.wav;1;6;STARNUTO
./DATASET/TRAINING/SBADIGLIO/175949616.wav;1;5;SBADIGLIO
./DATASET/TRAINING/DOLORE/S02_pain_strong_022.wav;1;0;DOLORE
./DATASET/TRAINING/PIANTO_BAMBINO/3-152007-E-20.wav;1;1;PIANTO_BAMBINO
./DATASET/TRAINING/RISATA/5-242932-B-26.wav;1;3;RISATA
./DATASET/TRAINING/RESPIRO/11900.wav;1;2;RESPIRO
./DATASET/TRAINING/STARNUTO/4-184434-A-21.wav;1;6;STARNUTO
./DATASET/TRAINING/RESPIRO/breathing-deep16.wav;1;2;RESPIRO
./DATASET/TRAINING/PIANTO_BAMBINO/1-22694-B-20.wav;1;1;PIANTO_BAMBINO
./DATASET/TRAINING/RUSSARE/1_8.wav;1;4;RUSSARE
./DATASET/TRAINING/URLA/Scream (47).wav;1;8;URLA
./DATASET/TRAINING/DOLORE/S03_pain_strong_082.wav;1;0;DOLORE
./DATASET/TRAINING/TOSSE/482e1ca-d28f-4621-ac33-bd29aa8375f5.wav;1;7;TOSSE
./DATASET/TRAINING/RISATA/3-126113-A-26.wav;1;3;RISATA
./DATASET/TRAINING/DOLORE/S03_pain_strong_99.wav;1;0;DOLORE
./DATASET/TRAINING/RESPIRO/387.wav;1;2;RESPIRO
./DATASET/TRAINING/RUSSARE/1_1.wav;1;4;RUSSARE
./DATASET/TRAINING/DOLORE/S01_pain_strong_05.wav;1;0;DOLORE
./DATASET/TRAINING/STARNUTO/5-201274-A-21.wav;1;6;STARNUTO
./DATASET/TRAINING/DOLORE/S05_pain_strong_13.wav;1;0;DOLORE
./DATASET/TRAINING/DOLORE/S02_pain_low_01.wav;1;0;DOLORE
./DATASET/TRAINING/DOLORE/S03_pain_low_13.wav;1;0;DOLORE
./DATASET/TRAINING/RESPIRO/4-176914-A-23.wav;1;2;RESPIRO
./DATASET/TRAINING/URLA/180343_jorickhoofd_short-scared-scream-1.wav;1;8;URLA
./DATASET/TRAINING/RESPIRO/4-205526-A-23.wav;1;2;RESPIRO
./DATASET/TRAINING/RUSSARE/1_44.wav;1;4;RUSSARE
./DATASET/TRAINING/URLA/Scream (63).wav;1;8;URLA
./DATASET/TRAINING/DOLORE/S01_pain_moderate_05.wav;1;0;DOLORE
./DATASET/TRAINING/PIANTO_BAMBINO/1-211527-B-20.wav;1;1;PIANTO_BAMBINO
./DATASET/TRAINING/DOLORE/S03_pain_moderate_05.wav;1;0;DOLORE
./DATASET/TRAINING/URLA/179320_jorickhoofd_male-scream-6.wav;1;8;URLA
./DATASET/TRAINING/STARNUTO/2-93030-A-21.wav;1;6;STARNUTO
./DATASET/TRAINING/STARNUTO/3-141684-A-21.wav;1;6;STARNUTO
./DATASET/TRAINING/SBADIGLIO/209280372.wav;1;5;SBADIGLIO
./DATASET/TRAINING/DOLORE/S05_pain_low_07.wav;1;0;DOLORE
./DATASET/TRAINING/RISATA/4-164243-A-26.wav;1;3;RISATA
./DATASET/TRAINING/RISATA/1985.wav;1;3;RISATA
./DATASET/TRAINING/STARNUTO/3-142601-A-21.wav;1;6;STARNUTO
./DATASET/TRAINING/URLA/382991_julialn_scream-girl.wav;1;8;URLA
./DATASET/TRAINING/DOLORE/S01_pain_peak_01.wav;1;0;DOLORE
./DATASET/TRAINING/PIANTO_BAMBINO/1-60997-A-20.wav;1;1;PIANTO_BAMBINO
./DATASET/TRAINING/DOLORE/S07_pain_peak_011.wav;1;0;DOLORE
./DATASET/TRAINING/RUSSARE/1_57.wav;1;4;RUSSARE
./DATASET/TRAINING/DOLORE/S03_pain_moderate_07.wav;1;0;DOLORE
./DATASET/TRAINING/RESPIRO/5-238492-A-23.wav;1;2;RESPIRO
./DATASET/TRAINING/RESPIRO/breathing-deep7.wav;1;2;RESPIRO
./DATASET/TRAINING/RISATA/4-132803-A-26.wav;1;3;RISATA
./DATASET/TRAINING/URLA/180306_jorickhoofd_sad-cry-3.wav;1;8;URLA
./DATASET/TRAINING/DOLORE/S07_pain_peak_06.wav;1;0;DOLORE
./DATASET/TRAINING/SBADIGLIO/221120745.wav;1;5;SBADIGLIO
./DATASET/TRAINING/TOSSE/3.wav;1;7;TOSSE
./DATASET/TRAINING/RISATA/5-263775-A-26.wav;1;3;RISATA
./DATASET/TRAINING/TOSSE/2.wav;1;7;TOSSE
./DATASET/TRAINING/TOSSE/4.wav;1;7;TOSSE
./DATASET/TRAINING/SBADIGLIO/mixkit-cartoon-vocal-yawn-2268.wav;1;5;SBADIGLIO
./DATASET/TRAINING/TOSSE/474efff-abb4-4926-a47b-f21bce7dace1.wav;1;7;TOSSE
./DATASET/TRAINING/DOLORE/S02_pain_moderate_06.wav;1;0;DOLORE
./DATASET/TRAINING/TOSSE/1-19118-A-24.wav;1;7;TOSSE
./DATASET/TRAINING/RUSSARE/1_67.wav;1;4;RUSSARE
./DATASET/TRAINING/DOLORE/S01_pain_low_03.wav;1;0;DOLORE
./DATASET/TRAINING/RUSSARE/1_7.wav;1;4;RUSSARE
./DATASET/TRAINING/TOSSE/537bff1-3559-41a7-9ac3-b050130bf82b.wav;1;7;TOSSE
./DATASET/TRAINING/STARNUTO/4-157297-A-21.wav;1;6;STARNUTO
./DATASET/TRAINING/RUSSARE/1_3.wav;1;4;RUSSARE
./DATASET/TRAINING/RISATA/2-109759-A-26.wav;1;3;RISATA
./DATASET/TRAINING/URLA/179322_jorickhoofd_male-scream-4.wav;1;8;URLA
./DATASET/TRAINING/RISATA/1983.wav;1;3;RISATA
./DATASET/TRAINING/PIANTO_BAMBINO/1-60997-B-20.wav;1;1;PIANTO_BAMBINO
./DATASET/TRAINING/STARNUTO/2-128631-A-21.wav;1;6;STARNUTO
./DATASET/TRAINING/RUSSARE/1_37.wav;1;4;RUSSARE
./DATASET/TRAINING/RUSSARE/1_26.wav;1;4;RUSSARE
./DATASET/TRAINING/STARNUTO/4-185415-A-21.wav;1;6;STARNUTO
./DATASET/TRAINING/DOLORE/S02_pain_low_05.wav;1;0;DOLORE
./DATASET/TRAINING/DOLORE/S03_pain_low_11.wav;1;0;DOLORE
./DATASET/TRAINING/DOLORE/S07_pain_moderate_05.wav;1;0;DOLORE
./DATASET/TRAINING/DOLORE/S04_pain_moderate_13.wav;1;0;DOLORE
./DATASET/TRAINING/TOSSE/3-151212-A-24.wav;1;7;TOSSE
./DATASET/TRAINING/RUSSARE/1_48.wav;1;4;RUSSARE
./DATASET/TRAINING/SBADIGLIO/177562333.wav;1;5;SBADIGLIO
./DATASET/TRAINING/URLA/222646_mariallinas_female-scream-1.wav;1;8;URLA
./DATASET/TRAINING/RUSSARE/1_39.wav;1;4;RUSSARE
./DATASET/TRAINING/RUSSARE/1_27.wav;1;4;RUSSARE
./DATASET/TRAINING/RUSSARE/1_50.wav;1;4;RUSSARE
./DATASET/TRAINING/RISATA/4-132816-A-26.wav;1;3;RISATA
./DATASET/TRAINING/TOSSE/4-169726-A-24.wav;1;7;TOSSE
./DATASET/TRAINING/DOLORE/S03_pain_moderate_08.wav;1;0;DOLORE
./DATASET/TRAINING/RUSSARE/1_5.wav;1;4;RUSSARE
./DATASET/TRAINING/TOSSE/2-123896-A-24.wav;1;7;TOSSE
./DATASET/TRAINING/STARNUTO/2-119102-A-21.wav;1;6;STARNUTO
./DATASET/TRAINING/DOLORE/S07_pain_strong_03.wav;1;0;DOLORE
./DATASET/TRAINING/TOSSE/4-154443-A-24.wav;1;7;TOSSE
./DATASET/TRAINING/URLA/Scream (59).wav;1;8;URLA
./DATASET/TRAINING/RESPIRO/5-235593-A-23.wav;1;2;RESPIRO
./DATASET/TRAINING/TOSSE/084a359-74d8-4666-9034-7f964788b2c1.wav;1;7;TOSSE
./DATASET/TRAINING/PIANTO_BAMBINO/3-151081-B-20.wav;1;1;PIANTO_BAMBINO
./DATASET/TRAINING/DOLORE/S01_pain_strong_031.wav;1;0;DOLORE
./DATASET/TRAINING/DOLORE/S06_pain_low_05.wav;1;0;DOLORE
./DATASET/TRAINING/STARNUTO/2-130979-A-21.wav;1;6;STARNUTO
./DATASET/TRAINING/RESPIRO/breathing-deep22.wav;1;2;RESPIRO
./DATASET/TRAINING/DOLORE/S03_pain_low_09.wav;1;0;DOLORE
./DATASET/TRAINING/URLA/360464_topschool_scream.wav;1;8;URLA
./DATASET/TRAINING/URLA/Scream (48).wav;1;8;URLA
./DATASET/TRAINING/RISATA/2-60791-A-26.wav;1;3;RISATA
./DATASET/TRAINING/DOLORE/S04_pain_strong_06.wav;1;0;DOLORE
./DATASET/TRAINING/DOLORE/S06_pain_peak_091.wav;1;0;DOLORE
./DATASET/TRAINING/DOLORE/S02_pain_strong_03.wav;1;0;DOLORE
./DATASET/TRAINING/TOSSE/064c7ac-1277-40e8-99c9-8803ebcf1fae.wav;1;7;TOSSE
./DATASET/TRAINING/STARNUTO/2-118104-A-21.wav;1;6;STARNUTO
./DATASET/TRAINING/RESPIRO/breathing-deeps.wav;1;2;RESPIRO
./DATASET/TRAINING/URLA/Scream (56).wav;1;8;URLA
./DATASET/TRAINING/DOLORE/S07_pain_low_031.wav;1;0;DOLORE
./DATASET/TRAINING/DOLORE/S01_pain_strong_01.wav;1;0;DOLORE
./DATASET/TRAINING/DOLORE/S07_pain_strong_02.wav;1;0;DOLORE
./DATASET/TRAINING/URLA/261855_xtrgamr_hit-owwwwwwww.wav;1;8;URLA
./DATASET/TRAINING/DOLORE/S03_pain_strong_06.wav;1;0;DOLORE
./DATASET/TRAINING/DOLORE/S07_pain_moderate_03.wav;1;0;DOLORE
./DATASET/TRAINING/RUSSARE/1_55.wav;1;4;RUSSARE
./DATASET/TRAINING/DOLORE/S01_pain_low_02.wav;1;0;DOLORE
./DATASET/TRAINING/RESPIRO/2-66205-A-23.wav;1;2;RESPIRO
./DATASET/TRAINING/RESPIRO/2-54962-A-23.wav;1;2;RESPIRO
./DATASET/TRAINING/RUSSARE/1_9.wav;1;4;RUSSARE
./DATASET/TRAINING/RUSSARE/1_66.wav;1;4;RUSSARE
./DATASET/TRAINING/RESPIRO/1-36402-A-23.wav;1;2;RESPIRO
./DATASET/TRAINING/DOLORE/S02_pain_peak_06.wav;1;0;DOLORE
./DATASET/TRAINING/STARNUTO/3-143119-A-21.wav;1;6;STARNUTO
./DATASET/TRAINING/RUSSARE/1_21.wav;1;4;RUSSARE
./DATASET/TRAINING/DOLORE/S03_pain_peak_051.wav;1;0;DOLORE
./DATASET/TRAINING/RISATA/1537.wav;1;3;RISATA
./DATASET/TRAINING/DOLORE/S07_pain_peak_04.wav;1;0;DOLORE
./DATASET/TRAINING/RUSSARE/1_33.wav;1;4;RUSSARE
./DATASET/TRAINING/SBADIGLIO/86128126.wav;1;5;SBADIGLIO
./DATASET/TRAINING/DOLORE/S04_pain_peak_02.wav;1;0;DOLORE
./DATASET/TRAINING/RESPIRO/7794.wav;1;2;RESPIRO
./DATASET/TRAINING/RUSSARE/1_61.wav;1;4;RUSSARE
./DATASET/TRAINING/DOLORE/S06_pain_moderate_15.wav;1;0;DOLORE
./DATASET/TRAINING/RUSSARE/1_29.wav;1;4;RUSSARE
./DATASET/TRAINING/RESPIRO/1-30709-A-23.wav;1;2;RESPIRO
./DATASET/TRAINING/DOLORE/S04_pain_peak_05.wav;1;0;DOLORE
./DATASET/VALIDATION/DOLORE/S07_pain_strong_04.wav;2;0;DOLORE
./DATASET/VALIDATION/DOLORE/S07_pain_strong_05.wav;2;0;DOLORE
./DATASET/VALIDATION/DOLORE/S08_pain_low_01.wav;2;0;DOLORE
./DATASET/VALIDATION/DOLORE/S08_pain_low_02.wav;2;0;DOLORE
./DATASET/VALIDATION/DOLORE/S08_pain_low_04.wav;2;0;DOLORE
./DATASET/VALIDATION/DOLORE/S08_pain_low_05.wav;2;0;DOLORE
./DATASET/VALIDATION/DOLORE/S08_pain_low_07.wav;2;0;DOLORE
./DATASET/VALIDATION/DOLORE/S08_pain_moderate_01.wav;2;0;DOLORE
./DATASET/VALIDATION/DOLORE/S08_pain_moderate_03.wav;2;0;DOLORE
./DATASET/VALIDATION/DOLORE/S08_pain_moderate_04.wav;2;0;DOLORE
./DATASET/VALIDATION/DOLORE/S08_pain_moderate_06.wav;2;0;DOLORE
./DATASET/VALIDATION/DOLORE/S08_pain_peak_01.wav;2;0;DOLORE
./DATASET/VALIDATION/DOLORE/S08_pain_peak_03.wav;2;0;DOLORE
./DATASET/VALIDATION/DOLORE/S08_pain_strong_011.wav;2;0;DOLORE
./DATASET/VALIDATION/DOLORE/S08_pain_strong_031.wav;2;0;DOLORE
./DATASET/VALIDATION/DOLORE/S08_pain_strong_041.wav;2;0;DOLORE
./DATASET/VALIDATION/DOLORE/S09_pain_low_07.wav;2;0;DOLORE
./DATASET/VALIDATION/DOLORE/S09_pain_low_08.wav;2;0;DOLORE
./DATASET/VALIDATION/DOLORE/S09_pain_low_09.wav;2;0;DOLORE
./DATASET/VALIDATION/DOLORE/S09_pain_low_10.wav;2;0;DOLORE
./DATASET/VALIDATION/DOLORE/S09_pain_moderate_01.wav;2;0;DOLORE
./DATASET/VALIDATION/DOLORE/S09_pain_moderate_09.wav;2;0;DOLORE
./DATASET/VALIDATION/DOLORE/S09_pain_moderate_11.wav;2;0;DOLORE
./DATASET/VALIDATION/DOLORE/S09_pain_moderate_12.wav;2;0;DOLORE
./DATASET/VALIDATION/DOLORE/S09_pain_moderate_081.wav;2;0;DOLORE
./DATASET/VALIDATION/DOLORE/S09_pain_peak_06.wav;2;0;DOLORE
./DATASET/VALIDATION/DOLORE/S09_pain_peak_12.wav;2;0;DOLORE
./DATASET/VALIDATION/DOLORE/S09_pain_peak_13.wav;2;0;DOLORE
./DATASET/VALIDATION/DOLORE/S09_pain_peak_15.wav;2;0;DOLORE
./DATASET/VALIDATION/DOLORE/S09_pain_peak_18.wav;2;0;DOLORE
./DATASET/VALIDATION/DOLORE/S09_pain_strong_01.wav;2;0;DOLORE
./DATASET/VALIDATION/DOLORE/S09_pain_strong_02.wav;2;0;DOLORE
./DATASET/VALIDATION/DOLORE/S09_pain_strong_03.wav;2;0;DOLORE
./DATASET/VALIDATION/DOLORE/S09_pain_strong_09.wav;2;0;DOLORE
./DATASET/VALIDATION/DOLORE/S09_pain_strong_13.wav;2;0;DOLORE
./DATASET/VALIDATION/DOLORE/S10_pain_low_01.wav;2;0;DOLORE
./DATASET/VALIDATION/DOLORE/S10_pain_low_02.wav;2;0;DOLORE
./DATASET/VALIDATION/PIANTO_BAMBINO/4-167077-C-20.wav;2;1;PIANTO_BAMBINO
./DATASET/VALIDATION/PIANTO_BAMBINO/4-185575-A-20.wav;2;1;PIANTO_BAMBINO
./DATASET/VALIDATION/PIANTO_BAMBINO/4-185575-B-20.wav;2;1;PIANTO_BAMBINO
./DATASET/VALIDATION/PIANTO_BAMBINO/4-185575-C-20.wav;2;1;PIANTO_BAMBINO
./DATASET/VALIDATION/PIANTO_BAMBINO/5-151085-A-20.wav;2;1;PIANTO_BAMBINO
./DATASET/VALIDATION/PIANTO_BAMBINO/5-198411-A-20.wav;2;1;PIANTO_BAMBINO
./DATASET/VALIDATION/PIANTO_BAMBINO/5-198411-B-20.wav;2;1;PIANTO_BAMBINO
./DATASET/VALIDATION/PIANTO_BAMBINO/5-198411-C-20.wav;2;1;PIANTO_BAMBINO
./DATASET/VALIDATION/RESPIRO/breathing-shallow11.wav;2;2;RESPIRO
./DATASET/VALIDATION/RESPIRO/breathing-shallow12.wav;2;2;RESPIRO
./DATASET/VALIDATION/RESPIRO/breathing-shallow13.wav;2;2;RESPIRO
./DATASET/VALIDATION/RESPIRO/breathing-shallow14.wav;2;2;RESPIRO
./DATASET/VALIDATION/RESPIRO/breathing-shallow15.wav;2;2;RESPIRO
./DATASET/VALIDATION/RESPIRO/breathing-shallow16.wav;2;2;RESPIRO
./DATASET/VALIDATION/RESPIRO/breathing-shallow17.wav;2;2;RESPIRO
./DATASET/VALIDATION/RESPIRO/breathing-shallow18.wav;2;2;RESPIRO
./DATASET/VALIDATION/RESPIRO/breathing-shallow19.wav;2;2;RESPIRO
./DATASET/VALIDATION/RESPIRO/breathing-shallow20.wav;2;2;RESPIRO
./DATASET/VALIDATION/RESPIRO/breathing-shallow21.wav;2;2;RESPIRO
./DATASET/VALIDATION/RESPIRO/breathing-shallow22.wav;2;2;RESPIRO
./DATASET/VALIDATION/RESPIRO/breathing-shallow24.wav;2;2;RESPIRO
./DATASET/VALIDATION/RESPIRO/breathing-shallow27.wav;2;2;RESPIRO
./DATASET/VALIDATION/RESPIRO/breathing-shallow28.wav;2;2;RESPIRO
./DATASET/VALIDATION/RESPIRO/breathing-shallowr.wav;2;2;RESPIRO
./DATASET/VALIDATION/RESPIRO/breathing-shallowz.wav;2;2;RESPIRO
./DATASET/VALIDATION/RESPIRO/mixkit-child-deep-breath-2237.wav;2;2;RESPIRO
./DATASET/VALIDATION/RESPIRO/mixkit-deep-child-breathing-and-exhaling-2238.wav;2;2;RESPIRO
./DATASET/VALIDATION/RESPIRO/mixkit-strong-breathing-of-a-person-2232.wav;2;2;RESPIRO
./DATASET/VALIDATION/RISATA/3726.wav;2;3;RISATA
./DATASET/VALIDATION/RISATA/7796.wav;2;3;RISATA
./DATASET/VALIDATION/RISATA/8936.wav;2;3;RISATA
./DATASET/VALIDATION/RISATA/11733.wav;2;3;RISATA
./DATASET/VALIDATION/RISATA/11736.wav;2;3;RISATA
./DATASET/VALIDATION/RISATA/12175.wav;2;3;RISATA
./DATASET/VALIDATION/RISATA/21879.wav;2;3;RISATA
./DATASET/VALIDATION/RISATA/21880.wav;2;3;RISATA
./DATASET/VALIDATION/RISATA/mixkit-child-laughing-happily-2263.wav;2;3;RISATA
./DATASET/VALIDATION/RISATA/mixkit-female-cheerful-laughter-416.wav;2;3;RISATA
./DATASET/VALIDATION/RISATA/mixkit-female-long-laugh-426.wav;2;3;RISATA
./DATASET/VALIDATION/RISATA/mixkit-females-laugh-425.wav;2;3;RISATA
./DATASET/VALIDATION/RISATA/mixkit-funny-giggling-2885.wav;2;3;RISATA
./DATASET/VALIDATION/RISATA/mixkit-happy-child-laughing-2265.wav;2;3;RISATA
./DATASET/VALIDATION/RUSSARE/4-197454-B-28.wav;2;4;RUSSARE
./DATASET/VALIDATION/RUSSARE/5-216368-A-28.wav;2;4;RUSSARE
./DATASET/VALIDATION/RUSSARE/5-233312-A-28.wav;2;4;RUSSARE
./DATASET/VALIDATION/RUSSARE/5-234145-A-28.wav;2;4;RUSSARE
./DATASET/VALIDATION/RUSSARE/5-235874-A-28.wav;2;4;RUSSARE
./DATASET/VALIDATION/RUSSARE/5-235893-A-28.wav;2;4;RUSSARE
./DATASET/VALIDATION/RUSSARE/5-236288-A-28.wav;2;4;RUSSARE
./DATASET/VALIDATION/RUSSARE/5-244459-A-28.wav;2;4;RUSSARE
./DATASET/VALIDATION/RUSSARE/5-249748-A-28.wav;2;4;RUSSARE
./DATASET/VALIDATION/RUSSARE/460.wav;2;4;RUSSARE
./DATASET/VALIDATION/RUSSARE/467.wav;2;4;RUSSARE
./DATASET/VALIDATION/RUSSARE/468.wav;2;4;RUSSARE
./DATASET/VALIDATION/RUSSARE/469.wav;2;4;RUSSARE
./DATASET/VALIDATION/RUSSARE/470.wav;2;4;RUSSARE
./DATASET/VALIDATION/RUSSARE/471.wav;2;4;RUSSARE
./DATASET/VALIDATION/RUSSARE/472.wav;2;4;RUSSARE
./DATASET/VALIDATION/RUSSARE/1745.wav;2;4;RUSSARE
./DATASET/VALIDATION/RUSSARE/mixkit-male-sleep-breathe-2236.wav;2;4;RUSSARE
./DATASET/VALIDATION/RUSSARE/mixkit-man-sleep-breathe-1909.wav;2;4;RUSSARE
./DATASET/VALIDATION/RUSSARE/mixkit-sleep-breathing-1914.wav;2;4;RUSSARE
./DATASET/VALIDATION/SBADIGLIO/mixkit-man-slweepy-long-yawn-2273.wav;2;5;SBADIGLIO
./DATASET/VALIDATION/SBADIGLIO/mixkit-man-stretches-and-yawns-2468.wav;2;5;SBADIGLIO
./DATASET/VALIDATION/SBADIGLIO/mixkit-man-stretching-in-the-morning-2471.wav;2;5;SBADIGLIO
./DATASET/VALIDATION/SBADIGLIO/mixkit-man-waking-up-in-the-morning-2469.wav;2;5;SBADIGLIO
./DATASET/VALIDATION/SBADIGLIO/mixkit-man-yawning-heavily-2276.wav;2;5;SBADIGLIO
./DATASET/VALIDATION/SBADIGLIO/mixkit-man-yawns-quietly-2271.wav;2;5;SBADIGLIO
./DATASET/VALIDATION/SBADIGLIO/mixkit-person-yawns-deeply-2275.wav;2;5;SBADIGLIO
./DATASET/VALIDATION/SBADIGLIO/mixkit-tired-man-yawns-2274.wav;2;5;SBADIGLIO
./DATASET/VALIDATION/SBADIGLIO/mixkit-vocal-male-yawn-2270.wav;2;5;SBADIGLIO
./DATASET/VALIDATION/SBADIGLIO/mixkit-yawn-of-adult-man-2267.wav;2;5;SBADIGLIO
./DATASET/VALIDATION/STARNUTO/347.wav;2;6;STARNUTO
./DATASET/VALIDATION/STARNUTO/1617.wav;2;6;STARNUTO
./DATASET/VALIDATION/STARNUTO/3016.wav;2;6;STARNUTO
./DATASET/VALIDATION/STARNUTO/3017.wav;2;6;STARNUTO
./DATASET/VALIDATION/STARNUTO/3020.wav;2;6;STARNUTO
./DATASET/VALIDATION/STARNUTO/3021.wav;2;6;STARNUTO
./DATASET/VALIDATION/STARNUTO/3022.wav;2;6;STARNUTO
./DATASET/VALIDATION/STARNUTO/8949.wav;2;6;STARNUTO
./DATASET/VALIDATION/STARNUTO/8950.wav;2;6;STARNUTO
./DATASET/VALIDATION/STARNUTO/10804.wav;2;6;STARNUTO
./DATASET/VALIDATION/STARNUTO/21891.wav;2;6;STARNUTO
./DATASET/VALIDATION/TOSSE/537c0b0-f0ed-455c-9bab-2f917b1007b3.wav;2;7;TOSSE
./DATASET/VALIDATION/TOSSE/537eb92-3412-4515-be2c-4a125d4dd96f.wav;2;7;TOSSE
./DATASET/VALIDATION/TOSSE/537f988-f63e-4af7-a1d1-cc55e6cb0d1d.wav;2;7;TOSSE
./DATASET/VALIDATION/TOSSE/545d1c0-f8ef-46a6-891f-34a2a6a70a66.wav;2;7;TOSSE
./DATASET/VALIDATION/TOSSE/549abe7-9d99-4c3d-9075-029e88d0e93f.wav;2;7;TOSSE
./DATASET/VALIDATION/TOSSE/553e2c4-dbe4-4f37-8685-887e17a63a8e.wav;2;7;TOSSE
./DATASET/VALIDATION/TOSSE/554ee51-20ef-4b0d-89f2-f3a28fbffece.wav;2;7;TOSSE
./DATASET/VALIDATION/TOSSE/554f7bb-13d0-4a8c-861e-7395b6b22972.wav;2;7;TOSSE
./DATASET/VALIDATION/TOSSE/593e9bf-e162-46c2-b1d5-3bc34ef1fc6f.wav;2;7;TOSSE
./DATASET/VALIDATION/TOSSE/619abe4-5ccc-42e6-99b8-5e8946e19d4e.wav;2;7;TOSSE
./DATASET/VALIDATION/TOSSE/629b197-b8c1-4b57-a48c-062a31563a03.wav;2;7;TOSSE
./DATASET/VALIDATION/TOSSE/631efe3-78db-47e3-90a5-6cdf95cb0574.wav;2;7;TOSSE
./DATASET/VALIDATION/TOSSE/648ae90-f159-4ea2-a0b8-ed965d27c72b.wav;2;7;TOSSE
./DATASET/VALIDATION/TOSSE/649d149-658c-4f97-a49d-21427a2cc056.wav;2;7;TOSSE
./DATASET/VALIDATION/TOSSE/651b541-90ed-4575-a2d9-9c0b54646df5.wav;2;7;TOSSE
./DATASET/VALIDATION/TOSSE/657ef2c-797c-4c05-b68f-7b0203add61e.wav;2;7;TOSSE
./DATASET/VALIDATION/TOSSE/677ade4-63b3-4a0f-a51c-26a776e52874.wav;2;7;TOSSE
./DATASET/VALIDATION/TOSSE/685f966-6594-44ec-803f-d1330a3a8145.wav;2;7;TOSSE
./DATASET/VALIDATION/TOSSE/696a4c7-c31d-4425-aae9-aaaddc932173 (1).wav;2;7;TOSSE
./DATASET/VALIDATION/TOSSE/696a4c7-c31d-4425-aae9-aaaddc932173.wav;2;7;TOSSE
./DATASET/VALIDATION/URLA/Scream (65).wav;2;8;URLA
./DATASET/VALIDATION/URLA/Scream (66).wav;2;8;URLA
./DATASET/VALIDATION/URLA/Scream (67).wav;2;8;URLA
./DATASET/VALIDATION/URLA/Scream (68).wav;2;8;URLA
./DATASET/VALIDATION/URLA/Scream (70).wav;2;8;URLA
./DATASET/VALIDATION/URLA/Scream (71).wav;2;8;URLA
./DATASET/VALIDATION/URLA/Scream (72).wav;2;8;URLA
./DATASET/VALIDATION/URLA/Scream (73).wav;2;8;URLA
./DATASET/VALIDATION/URLA/Scream (75).wav;2;8;URLA
./DATASET/VALIDATION/URLA/Scream (76).wav;2;8;URLA
./DATASET/VALIDATION/URLA/Scream (77).wav;2;8;URLA
./DATASET/VALIDATION/URLA/Scream (78).wav;2;8;URLA
./DATASET/VALIDATION/URLA/Scream (79).wav;2;8;URLA
./DATASET/VALIDATION/URLA/Scream (80).wav;2;8;URLA
./DATASET/VALIDATION/URLA/Scream (81).wav;2;8;URLA
./DATASET/VALIDATION/URLA/Scream (82).wav;2;8;URLA
./DATASET/VALIDATION/URLA/Scream (83).wav;2;8;URLA
./DATASET/VALIDATION/URLA/Scream (84).wav;2;8;URLA
./DATASET/VALIDATION/URLA/Scream (85).wav;2;8;URLA
./DATASET/VALIDATION/URLA/Scream (86).wav;2;8;URLA
./DATASET/TEST/DOLORE/S10_pain_moderate_01.wav;3;0;DOLORE
./DATASET/TEST/DOLORE/S10_pain_moderate_02.wav;3;0;DOLORE
./DATASET/TEST/DOLORE/S10_pain_peak_03.wav;3;0;DOLORE
./DATASET/TEST/DOLORE/S10_pain_peak_04.wav;3;0;DOLORE
./DATASET/TEST/DOLORE/S10_pain_peak_05.wav;3;0;DOLORE
./DATASET/TEST/DOLORE/S10_pain_strong_01.wav;3;0;DOLORE
./DATASET/TEST/DOLORE/S10_pain_strong_03.wav;3;0;DOLORE
./DATASET/TEST/DOLORE/S10_pain_strong_04.wav;3;0;DOLORE
./DATASET/TEST/DOLORE/S10_pain_strong_05.wav;3;0;DOLORE
./DATASET/TEST/DOLORE/S10_pain_strong_08.wav;3;0;DOLORE
./DATASET/TEST/DOLORE/S11_pain_low_011.wav;3;0;DOLORE
./DATASET/TEST/DOLORE/S11_pain_low_022.wav;3;0;DOLORE
./DATASET/TEST/DOLORE/S11_pain_moderate_012.wav;3;0;DOLORE
./DATASET/TEST/DOLORE/S11_pain_moderate_021.wav;3;0;DOLORE
./DATASET/TEST/DOLORE/S11_pain_peak_03.wav;3;0;DOLORE
./DATASET/TEST/DOLORE/S11_pain_peak_023.wav;3;0;DOLORE
./DATASET/TEST/DOLORE/S11_pain_strong_012.wav;3;0;DOLORE
./DATASET/TEST/DOLORE/S11_pain_strong_022.wav;3;0;DOLORE
./DATASET/TEST/PIANTO_BAMBINO/5-198411-D-20.wav;3;1;PIANTO_BAMBINO
./DATASET/TEST/PIANTO_BAMBINO/5-198411-E-20.wav;3;1;PIANTO_BAMBINO
./DATASET/TEST/PIANTO_BAMBINO/5-198411-F-20.wav;3;1;PIANTO_BAMBINO
./DATASET/TEST/PIANTO_BAMBINO/5-198411-G-20.wav;3;1;PIANTO_BAMBINO
./DATASET/TEST/RESPIRO/breathing-deepx.wav;3;2;RESPIRO
./DATASET/TEST/RESPIRO/breathing-shallow.wav;3;2;RESPIRO
./DATASET/TEST/RESPIRO/breathing-shallow0.wav;3;2;RESPIRO
./DATASET/TEST/RESPIRO/breathing-shallow1.wav;3;2;RESPIRO
./DATASET/TEST/RESPIRO/breathing-shallow3.wav;3;2;RESPIRO
./DATASET/TEST/RESPIRO/breathing-shallow5.wav;3;2;RESPIRO
./DATASET/TEST/RESPIRO/breathing-shallow6.wav;3;2;RESPIRO
./DATASET/TEST/RESPIRO/breathing-shallow7.wav;3;2;RESPIRO
./DATASET/TEST/RESPIRO/breathing-shallow8.wav;3;2;RESPIRO
./DATASET/TEST/RESPIRO/breathing-shallow9.wav;3;2;RESPIRO
./DATASET/TEST/RISATA/mixkit-human-male-casual-laugh-411.wav;3;3;RISATA
./DATASET/TEST/RISATA/mixkit-kid-giggle-laugh-431.wav;3;3;RISATA
./DATASET/TEST/RISATA/mixkit-laughing-children-indoors-427.wav;3;3;RISATA
./DATASET/TEST/RISATA/mixkit-laughing-teenager-428.wav;3;3;RISATA
./DATASET/TEST/RISATA/mixkit-laughing-teenagers-429.wav;3;3;RISATA
./DATASET/TEST/RISATA/mixkit-person-nasal-laugh-2883.wav;3;3;RISATA
./DATASET/TEST/RISATA/mixkit-woman-hilarious-laughing-410.wav;3;3;RISATA
./DATASET/TEST/RUSSARE/2-114609-A-28.wav;3;4;RUSSARE
./DATASET/TEST/RUSSARE/2-114609-B-28.wav;3;4;RUSSARE
./DATASET/TEST/RUSSARE/2-117330-A-28.wav;3;4;RUSSARE
./DATASET/TEST/RUSSARE/3-123086-A-28.wav;3;4;RUSSARE
./DATASET/TEST/RUSSARE/3-124795-A-28.wav;3;4;RUSSARE
./DATASET/TEST/RUSSARE/3-124958-A-28.wav;3;4;RUSSARE
./DATASET/TEST/RUSSARE/3-130998-A-28.wav;3;4;RUSSARE
./DATASET/TEST/RUSSARE/3-130998-B-28.wav;3;4;RUSSARE
./DATASET/TEST/RUSSARE/3-151255-A-28.wav;3;4;RUSSARE
./DATASET/TEST/RUSSARE/3-151557-A-28.wav;3;4;RUSSARE
./DATASET/TEST/SBADIGLIO/mixkit-young-tired-male-yawns-2278.wav;3;5;SBADIGLIO
./DATASET/TEST/SBADIGLIO/yawn.wav;3;5;SBADIGLIO
./DATASET/TEST/SBADIGLIO/zapsplat_human_male_man_yawn_006_77364.wav;3;5;SBADIGLIO
./DATASET/TEST/SBADIGLIO/zapsplat_human_male_man_yawn_007_77365.wav;3;5;SBADIGLIO
./DATASET/TEST/SBADIGLIO/zapsplat_human_male_man_yawn_008_77366.wav;3;5;SBADIGLIO
./DATASET/TEST/STARNUTO/mixkit-adult-sneeze-2212.wav;3;6;STARNUTO
./DATASET/TEST/STARNUTO/mixkit-little-baby-sneeze-2214.wav;3;6;STARNUTO
./DATASET/TEST/STARNUTO/mixkit-little-child-sneeze-2211.wav;3;6;STARNUTO
./DATASET/TEST/STARNUTO/mixkit-sick-man-sneeze-2213.wav;3;6;STARNUTO
./DATASET/TEST/STARNUTO/mixkit-young-woman-sneeze-2216.wav;3;6;STARNUTO
./DATASET/TEST/TOSSE/718a0db-2728-402c-8b89-c8669e37aa8f (1).wav;3;7;TOSSE
./DATASET/TEST/TOSSE/718a0db-2728-402c-8b89-c8669e37aa8f.wav;3;7;TOSSE
./DATASET/TEST/TOSSE/718a0db-2728-402c-8b89-c8669e37aa8f.wav;3;7;TOSSE
./DATASET/TEST/TOSSE/733f882-d7fd-4dc5-a1b0-8aeec64fc112.wav;3;7;TOSSE
./DATASET/TEST/TOSSE/738b0e2-cce6-419d-a3e2-dec2fe5f6149 (1).wav;3;7;TOSSE
./DATASET/TEST/TOSSE/738b0e2-cce6-419d-a3e2-dec2fe5f6149.wav;3;7;TOSSE
./DATASET/TEST/TOSSE/739e54f-d530-48a7-ba35-3fa3c0e4dd1f (1).wav;3;7;TOSSE
./DATASET/TEST/TOSSE/739e54f-d530-48a7-ba35-3fa3c0e4dd1f.wav;3;7;TOSSE
./DATASET/TEST/TOSSE/741b646-894f-41fa-a1dd-fe0e100fc9eb.wav;3;7;TOSSE
./DATASET/TEST/TOSSE/741cb7a-e069-469b-b13e-ea2dc6580c1c.wav;3;7;TOSSE
./DATASET/TEST/URLA/Scream (87).wav;3;8;URLA
./DATASET/TEST/URLA/Scream (88).wav;3;8;URLA
./DATASET/TEST/URLA/Scream (89).wav;3;8;URLA
./DATASET/TEST/URLA/Scream (90).wav;3;8;URLA
./DATASET/TEST/URLA/Scream (91).wav;3;8;URLA
./DATASET/TEST/URLA/Scream (92).wav;3;8;URLA
./DATASET/TEST/URLA/Scream (93).wav;3;8;URLA
./DATASET/TEST/URLA/Scream (94).wav;3;8;URLA
./DATASET/TEST/URLA/Scream (95).wav;3;8;URLA
./DATASET/TEST/URLA/Scream (96).wav;3;8;URLA
